<?xml version="1.0" encoding="UTF-8"?>


<service-eca xmlns:xsi="http://www.w3.org/2001/XMLSchema-instance"
        xsi:noNamespaceSchemaLocation="http://ofbiz.apache.org/dtds/service-eca.xsd">
        
    <eca service="createCmsCalendarEvents" event="commit">
        <condition field-name="startTime" operator="is-not-empty"/>
        <action service="checkCmsDisplayEvents" mode="sync"/>
    </eca>  
    <eca service="deleteCmsCalendarEvents" event="commit">
        <condition field-name="startTime" operator="is-not-empty"/>
        <action service="checkCmsDisplayEvents" mode="sync"/>
    </eca>  
</service-eca>