<?xml version="1.0" encoding="UTF-8"?>
<services xmlns:xsi="http://www.w3.org/2001/XMLSchema-instance"
        xsi:noNamespaceSchemaLocation="http://ofbiz.apache.org/dtds/services.xsd">
    <description>CmsBackend Services</description>
    <vendor></vendor>
    <version>1.0</version>



    <!-- <service name="createCmsArticle" default-entity-name="CmsArticle" engine="java" location="org.ofbiz.cmsbackend.article.ArticleServices" invoke="createCmsArticle" auth="true">
        <description>Create a CmsArticle</description>
        <auto-attributes include="pk" mode="OUT" optional="false"/>
        <auto-attributes include="nonpk" mode="IN" optional="true"/>
        <override name="content" allow-html="safe"></override>
        
    </service>
    <service name="updateCmsArticle" default-entity-name="CmsArticle" engine="java" location="org.ofbiz.cmsbackend.article.ArticleServices" invoke="updateCmsArticle" auth="true">
        <description>Update a CmsArticleType</description>
        <auto-attributes include="pk" mode="IN" optional="false"/>
        <auto-attributes include="nonpk" mode="IN" optional="true"/>
        <override name="content" allow-html="safe"></override>
    </service>
    <service name="deleteCmsArticle" default-entity-name="CmsArticle" engine="java" location="org.ofbiz.cmsbackend.article.ArticleServices" invoke="deleteCmsArticle" auth="true">
        <description>Delete a CmsArticle</description>
        <auto-attributes include="pk" mode="IN" optional="false"/>
    </service> -->
   <service name="createCmsArticle" default-entity-name="CmsArticle" engine="simple" location="component://cmsbackend/script/org/ofbiz/cmsbackend/CmsBackendServices.xml" invoke="createCmsArticle" auth="true">
        <description>Create a CmsArticle</description>
        <auto-attributes include="pk" mode="IN" optional="false"/>
        <auto-attributes include="nonpk" mode="IN" optional="true"/>
        <override name="content" allow-html="safe"></override>
        
    </service>
    <service name="updateCmsArticle" default-entity-name="CmsArticle" engine="simple" location="component://cmsbackend/script/org/ofbiz/cmsbackend/CmsBackendServices.xml" invoke="updateCmsArticle" auth="true">
        <description>Update a CmsArticleType</description>
        <auto-attributes include="pk" mode="IN" optional="false"/>
        <auto-attributes include="nonpk" mode="IN" optional="true"/>
        <override name="content" allow-html="safe"></override>
    </service>
    <service name="deleteCmsArticle" default-entity-name="CmsArticle" engine="simple" location="component://cmsbackend/script/org/ofbiz/cmsbackend/CmsBackendServices.xml" invoke="deleteCmsArticle" auth="true">
        <description>Delete a CmsArticle</description>
        <auto-attributes include="pk" mode="IN" optional="false"/>
    </service>

    <service name="createCmsArticleType" default-entity-name="CmsArticleType" engine="entity-auto" invoke="create" auth="true">
        <description>Create a CmsArticleType</description>
        <auto-attributes include="pk" mode="OUT" optional="false"/>
        <auto-attributes include="nonpk" mode="IN" optional="true"/>
    </service>
    <service name="updateCmsArticleType" default-entity-name="CmsArticleType" engine="entity-auto" invoke="update" auth="true">
        <description>Update a CmsArticleType</description>
        <auto-attributes include="pk" mode="IN" optional="false"/>
        <auto-attributes include="nonpk" mode="IN" optional="true"/>
    </service>
    <service name="deleteCmsArticleType" default-entity-name="CmsArticleType" engine="entity-auto" invoke="delete" auth="true">
        <description>Delete a CmsArticleType</description>
        <auto-attributes include="pk" mode="IN" optional="false"/>
    </service>



    <service name="newsFromSite" engine="groovy" location="component://cmsbackend/script/org/ofbiz/cmsbackend/article/newsFromSite.groovy" invoke="">
        <description>Get a group News from the Web site</description>
        <attribute name="newsSize" type="Integer" mode="IN" optional="true"/>
        <attribute name="fromdate" type="String" mode="IN" optional="true"/>
        <attribute name="newsList" type="List" mode="OUT"/>
    </service>


    <service name="createCmsCalendarEvents" default-entity-name="CmsCalendarEvents" engine="java" location="org.ofbiz.cmsbackend.plugin.CalendarEventServices" invoke="createCalendarEvents" auth="true">
        <description>Create a CmsCalendarEvents</description>
        <auto-attributes include="pk" mode="OUT" optional="false"/>
        <auto-attributes include="nonpk" mode="IN" optional="true"/>
        <override name="startTime" type="String" mode="INOUT" optional="false"></override>
    </service>

    <service name="deleteCmsCalendarEvents" default-entity-name="CmsCalendarEvents" engine="java" location="org.ofbiz.cmsbackend.plugin.CalendarEventServices" invoke="deleteCalendarEvents" auth="true">
        <description>Delete a CmsCalendarEvents</description>
        <auto-attributes include="pk" mode="IN" optional="false"/>
        <attribute name="startTime" type="String" mode="OUT" optional="false"/>
    </service>

    <service name="createCmsDisplayEvents" default-entity-name="CmsDisplayEvents" engine="entity-auto" invoke="create" auth="true">
        <description>Create a CmsDisplayEvents</description>
        <auto-attributes include="pk" mode="INOUT" optional="false"/>
        <auto-attributes include="nonpk" mode="IN" optional="true"/>
         <override name="content" type="String" mode="IN" optional="false" allow-html="safe"></override>
    </service>
    <service name="deleteCmsDisplayEvents" default-entity-name="CmsDisplayEvents" engine="entity-auto" invoke="delete" auth="true">
        <description>Delete a CmsDisplayEvents</description>
        <auto-attributes include="pk" mode="IN" optional="false"/>
    </service>
    
    <service name="checkCmsDisplayEvents" engine="java" location="org.ofbiz.cmsbackend.plugin.CalendarEventServices" invoke="checkCmsDisplayEvents" >
        <attribute name="startTime" mode="IN" type="String" optional="false"/>
    </service>
    
    <!-- 链接管理 开始-->
    <service name="createCmsFellowshipLinkType" default-entity-name="CmsFellowshipLinkType" engine="entity-auto" invoke="create" auth="true">
        <description>Create a CmsFellowshipLinkType</description>
        <auto-attributes include="pk" mode="OUT" optional="false"/>
        <auto-attributes include="nonpk" mode="IN" optional="true"/>
    </service>
    <service name="updateCmsFellowshipLinkType" default-entity-name="CmsFellowshipLinkType" engine="entity-auto" invoke="update" auth="true">
        <description>Update a CmsFellowshipLinkType</description>
        <auto-attributes include="pk" mode="IN" optional="false"/>
        <auto-attributes include="nonpk" mode="IN" optional="true"/>
    </service>
    <service name="deleteCmsFellowshipLinkType" default-entity-name="CmsFellowshipLinkType" engine="entity-auto" invoke="delete" auth="true">
        <description>Delete a CmsFellowshipLinkType</description>
        <auto-attributes include="pk" mode="IN" optional="false"/>
    </service>
    
    <service name="createCmsFellowshipLink" default-entity-name="CmsFellowshipLink" engine="java" location="org.ofbiz.cmsbackend.plugin.FellowshipLinkServices" invoke="createCmsFellowshipLink" auth="true">
        <description>Create a CmsCalendarEvents</description>
        <auto-attributes include="pk" mode="OUT" optional="false"/>
        <auto-attributes include="nonpk" mode="IN" optional="true"/>
    </service>

    <service name="deleteCmsFellowshipLink" default-entity-name="CmsFellowshipLink" engine="java" location="org.ofbiz.cmsbackend.plugin.FellowshipLinkServices" invoke="deleteCmsFellowshipLink" auth="true">
        <description>Delete a CmsCalendarEvents</description>
        <auto-attributes include="pk" mode="IN" optional="false"/>
    </service> 
    <service name="updateCmsFellowshipLink" default-entity-name="CmsFellowshipLink" engine="java" location="org.ofbiz.cmsbackend.plugin.FellowshipLinkServices" invoke="updateCmsFellowshipLink" auth="true">
        <description>Update a CmsCalendarEvents</description>
        <auto-attributes include="pk" mode="IN" optional="false"/>
        <auto-attributes include="nonpk" mode="IN" optional="true"/>
    </service>
    <!-- 链接管理 结束-->
 
    
 
    <service name="createCmsCatalog" default-entity-name="CmsCatalog" engine="java" location="org.ofbiz.cmsbackend.catalog.CatalogServices" invoke="createCmsCatalog" auth="true">
        <description>Create a CmsCatalog</description>
        <auto-attributes include="pk" mode="OUT" optional="false"/>
        <auto-attributes include="nonpk" mode="IN" optional="true"/>
        <override name="content" allow-html="safe"></override>
    </service>

    <service name="deleteCmsCatalog" default-entity-name="CmsCatalog" engine="java" location="org.ofbiz.cmsbackend.catalog.CatalogServices" invoke="deleteCmsCatalog" auth="true">
        <description>Delete a CmsCatalog</description>
        <auto-attributes include="pk" mode="IN" optional="false"/>
    </service> 
    <service name="updateCmsCatalog" default-entity-name="CmsCatalog" engine="java" location="org.ofbiz.cmsbackend.catalog.CatalogServices" invoke="updateCmsCatalog" auth="true">
        <description>Update a CmsCatalog</description>
        <auto-attributes include="pk" mode="IN" optional="false"/>
        <auto-attributes include="nonpk" mode="IN" optional="true"/>
        <override name="content" allow-html="safe"></override>
    </service>
    
    
    
    
    <service name="createCmsArticleProduct" default-entity-name="CmsArticleProduct" engine="simple" location="component://cmsbackend/script/org/ofbiz/cmsbackend/CmsBackendServices.xml" invoke="createCmsArticleProduct" auth="true">
        <description>Create a CmsCalendarEvents</description>
        <auto-attributes include="nonpk" mode="IN" optional="true"/>
    </service>

    <service name="deleteCmsArticleProduct" default-entity-name="CmsArticleProduct" engine="simple" location="component://cmsbackend/script/org/ofbiz/cmsbackend/CmsBackendServices.xml" invoke="deleteCmsArticleProduct" auth="true">
        <description>Delete a CmsCalendarEvents</description>
        <auto-attributes include="pk" mode="IN" optional="false"/>
    </service> 
    <service name="updateCmsArticleProduct" default-entity-name="CmsArticleProduct" engine="simple" location="component://cmsbackend/script/org/ofbiz/cmsbackend/CmsBackendServices.xml" invoke="updateCmsArticleProduct" auth="true">
        <description>Update a CmsCalendarEvents</description>
        <auto-attributes include="pk" mode="IN" optional="false"/>
        <auto-attributes include="nonpk" mode="IN" optional="true"/>
    </service>

</services>