<?xml version="1.0" encoding="UTF-8"?>
<menus xmlns:xsi="http://www.w3.org/2001/XMLSchema-instance"
	xsi:noNamespaceSchemaLocation="http://ofbiz.apache.org/dtds/widget-menu.xsd">
	<menu name="MainAppBar" title="${uiLabelMap.CmsBackendApplication}"
		extends="CommonAppBarMenu" extends-resource="component://common/widget/CommonMenus.xml">
		<menu-item name="main" title="${uiLabelMap.CommonMain}">
			<link target="main" />
		</menu-item>


		<menu-item name="FindCmsArticle" title="${uiLabelMap.FindCmsArticle}">
			<link target="FindCmsArticle" />
		</menu-item>
		
		<!-- 链接管理-->
		<menu-item name="FindCmsFellowshipLink" title="${uiLabelMap.FindCmsFellowshipLink}">
			<link target="FindCmsFellowshipLink" />
		</menu-item>
		<!-- 链接管理-->

		

		<!-- 栏目管理-->
		<menu-item name="FindCmsCatalog" title="${uiLabelMap.FindCmsCatalog}">
			<link target="FindCmsCatalog" />
		</menu-item>

		<!-- 栏目管理-->
        
		<menu-item name="FindCmsCalendarEvents" title="${uiLabelMap.FindCmsCalendarEvents}">
			<link target="FindCmsCalendarEvents" />
		</menu-item>
        
        <menu-item name="FindCmsArticleProduct" title="${uiLabelMap.CmsArticleProduct}">
			<link target="FindCmsArticleProduct" />
		</menu-item>
        
	</menu>
</menus>