<?xml version="1.0" encoding="UTF-8"?>
<entity-engine-xml>
    <SecurityPermission description="View operations in the Cms Component." permissionId="CMS_VIEW"/>
    <SecurityPermission description="Create operations in the Cms Component." permissionId="CMS_CREATE"/>
    <SecurityPermission description="Update operations in the Cms Component." permissionId="CMS_UPDATE"/>
    <SecurityPermission description="Delete operations in the Cms Component." permissionId="CMS_DELETE"/>
    <SecurityPermission description="ALL operations in the Cms Component." permissionId="CMS_ADMIN"/>
    <SecurityGroupPermission groupId="FULLADMIN" permissionId="CMS_ADMIN"/>
    <SecurityGroupPermission groupId="FLEXADMIN" permissionId="CMS_CREATE"/>
    <SecurityGroupPermission groupId="FLEXADMIN" permissionId="CMS_DELETE"/>
    <SecurityGroupPermission groupId="FLEXADMIN" permissionId="CMS_UPDATE"/>
    <SecurityGroupPermission groupId="FLEXADMIN" permissionId="CMS_VIEW"/>
    <SecurityGroupPermission groupId="VIEWADMIN" permissionId="CMS_VIEW"/>
    <SecurityGroupPermission groupId="BIZADMIN" permissionId="CMS_ADMIN"/>
</entity-engine-xml>